"species_code","common_name","scientific_name"
"acafly","Acadian Flycatcher","Empidonax virescens"
"afcdov1","African Collared-Dove","Streptopelia roseogrisea"
"aldfly","Alder Flycatcher","Empidonax alnorum"
"aleter1","Aleutian Tern","Onychoprion aleuticus"
"allhum","Allen's Hummingbird","Selasphorus sasin"
"alpacc1","Alpine Accentor","Prunella collaris"
"alpswi1","Alpine Swift","Tachymarptis melba"
"ameavo","American Avocet","Recurvirostra americana"
"amebit","American Bittern","Botaurus lentiginosus"
"ambduc","American Black Duck","Anas rubripes"
"y00475","American Coot","Fulica americana"
"amecro","American Crow","Corvus brachyrhynchos"
"amgplo","American Golden-Plover","Pluvialis dominica"
"amegfi","American Goldfinch","Spinus tristis"
"norgos","American Goshawk","Astur atricapillus"
"amhgul1","American Herring Gull","Larus smithsonianus"
"amekes","American Kestrel","Falco sparverius"
"ameoys","American Oystercatcher","Haematopus palliatus"
"amepip","American Pipit","Anthus rubescens"
"amered","American Redstart","Setophaga ruticilla"
"amerob","American Robin","Turdus migratorius"
"amtspa","American Tree Sparrow","Spizelloides arborea"
"amwpel","American White Pelican","Pelecanus erythrorhynchos"
"amewig","American Wigeon","Mareca americana"
"amewoo","American Woodcock","Scolopax minor"
"amufal1","Amur Falcon","Falco amurensis"
"amupaf1","Amur Paradise-Flycatcher","Terpsiphone incei"
"ancmur","Ancient Murrelet","Synthliboramphus antiquus"
"andfla2","Andean Flamingo","Phoenicoparrus andinus"
"andgoo1","Andean Goose","Oressochen melanopterus"
"andgul1","Andean Gull","Chroicocephalus serranus"
"andneg1","Andean Negrito","Lessonia oreas"
"anhing","Anhinga","Anhinga anhinga"
"annhum","Anna's Hummingbird","Calypte anna"
"dovpri1","Antarctic Prion","Pachyptila desolata"
"antnig","Antillean Nighthawk","Chordeiles gundlachii"
"arcloo","Arctic Loon","Gavia arctica"
"arcter","Arctic Tern","Sterna paradisaea"
"arcwar1","Arctic Warbler","Phylloscopus borealis"
"astfly","Ash-throated Flycatcher","Myiarchus cinerascens"
"asspet","Ashy Storm-Petrel","Hydrobates homochroa"
"ashgoo1","Ashy-headed Goose","Chloephaga poliocephala"
"asidow1","Asian Dowitcher","Limnodromus semipalmatus"
"ashmar1","Asian House-Martin","Delichon dasypus"
"asikoe2","Asian Koel","Eudynamys scolopaceus"
"asistu1","Asian Stubtail","Urosphena squameiceps"
"atlpuf","Atlantic Puffin","Fratercula arctica"
"audgul1","Audouin's Gull","Ichthyaetus audouinii"
"ausbla1","Austral Blackbird","Curaeus curaeus"
"auscan1","Austral Canastero","Asthenes anthoides"
"ausneg1","Austral Negrito","Lessonia rufa"
"ausgan1","Australasian Gannet","Morus serrator"
"purswa6","Australasian Swamphen","Porphyrio melanotus"
"faiter2","Australian Fairy Tern","Sternula nereis"
"ausibi1","Australian Ibis","Threskiornis molucca"
"baisan","Baird's Sandpiper","Calidris bairdii"
"baispa","Baird's Sparrow","Centronyx bairdii"
"baleag","Bald Eagle","Haliaeetus leucocephalus"
"balshe1","Balearic Shearwater","Puffinus mauretanicus"
"balori","Baltimore Oriole","Icterus galbula"
"batpig1","Band-tailed Pigeon","Patagioenas fasciata"
"bawnig1","Band-winged Nightjar","Systellura longirostris"
"banswa","Bank Swallow","Riparia riparia"
"batgod","Bar-tailed Godwit","Limosa lapponica"
"barswa","Barn Swallow","Hirundo rustica"
"bargoo","Barnacle Goose","Branta leucopsis"
"bargol","Barrow's Goldeneye","Bucephala islandica"
"babwar","Bay-breasted Warbler","Setophaga castanea"
"belspa2","Bell's Sparrow","Artemisiospiza belli"
"belvir","Bell's Vireo","Vireo bellii"
"belkin1","Belted Kingfisher","Megaceryle alcyon"
"benthr","Bendire's Thrasher","Toxostoma bendirei"
"bewwre","Bewick's Wren","Thryomanes bewickii"
"bicthr","Bicknell's Thrush","Catharus bicknelli"
"blabul1","Black Bulbul","Hypsipetes leucocephalus"
"bladro1","Black Drongo","Dicrurus macrocercus"
"blkgui","Black Guillemot","Cepphus grylle"
"blahon1","Black Honeyeater","Sugomel nigrum"
"blakit1","Black Kite","Milvus migrans"
"japfly1","Black Paradise-Flycatcher","Terpsiphone atrocaudata"
"blkpho","Black Phoebe","Sayornis nigricans"
"blkrai","Black Rail","Laterallus jamaicensis"
"blared1","Black Redstart","Phoenicurus ochruros"
"bkrfin","Black Rosy-Finch","Leucosticte atrata"
"blksco2","Black Scoter","Melanitta americana"
"blasis1","Black Siskin","Spinus atratus"
"blkski","Black Skimmer","Rynchops niger"
"blasto1","Black Stork","Ciconia nigra"
"blkswi","Black Swift","Cypseloides niger"
"blkter","Black Tern","Chlidonias niger"
"blktur","Black Turnstone","Arenaria melanocephala"
"bawwar","Black-and-white Warbler","Mniotilta varia"
"bkbplo","Black-bellied Plover","Pluvialis squatarola"
"blbsan1","Black-bellied Sandgrouse","Pterocles orientalis"
"bbwduc","Black-bellied Whistling-Duck","Dendrocygna autumnalis"
"bkbcuc","Black-billed Cuckoo","Coccyzus erythropthalmus"
"blbgul1","Black-billed Gull","Chroicocephalus bulleri"
"bkbsht1","Black-billed Shrike-Tyrant","Agriornis montanus"
"bkbalb","Black-browed Albatross","Thalassarche melanophris"
"blckin1","Black-capped Kingfisher","Halcyon pileata"
"bkcvir1","Black-capped Vireo","Vireo atricapilla"
"bkchum","Black-chinned Hummingbird","Archilochus alexandri"
"bkcspa","Black-chinned Sparrow","Spizella atrogularis"
"bcnher","Black-crowned Night Heron","Nycticorax nycticorax"
"bkfcus1","Black-faced Cuckooshrike","Coracina novaehollandiae"
"bkfibi1","Black-faced Ibis","Theristicus melanopis"
"blfmon1","Black-faced Monarch","Monarcha melanopsis"
"blfspo1","Black-faced Spoonbill","Platalea minor"
"bkfalb","Black-footed Albatross","Phoebastria nigripes"
"bfgtyr1","Black-fronted Ground-Tyrant","Muscisaxicola frontalis"
"blfter1","Black-fronted Tern","Chlidonias albostriatus"
"blhduc1","Black-headed Duck","Heteronetta atricapilla"
"bkhgro","Black-headed Grosbeak","Pheucticus melanocephalus"
"bkhgul","Black-headed Gull","Chroicocephalus ridibundus"
"blhibi1","Black-headed Ibis","Threskiornis melanocephalus"
"bklkit","Black-legged Kittiwake","Rissa tridactyla"
"blnori1","Black-naped Oriole","Oriolus chinensis"
"blnter1","Black-naped Tern","Sterna sumatrana"
"bknsti","Black-necked Stilt","Himantopus mexicanus"
"bktgul","Black-tailed Gull","Larus crassirostris"
"btbwar","Black-throated Blue Warbler","Setophaga caerulescens"
"btywar","Black-throated Gray Warbler","Setophaga nigrescens"
"btnwar","Black-throated Green Warbler","Setophaga virens"
"bktspa","Black-throated Sparrow","Amphispiza bilineata"
"bkvshe","Black-vented Shearwater","Puffinus opisthomelas"
"bkwvir","Black-whiskered Vireo","Vireo altiloquus"
"bkwcus1","Black-winged Cuckooshrike","Lalage melaschistos"
"bwgdov1","Black-winged Ground Dove","Metriopelia melanoptera"
"bkwpet","Black-winged Petrel","Pterodroma nigripennis"
"bkwsti","Black-winged Stilt","Himantopus himantopus"
"bkbwar","Blackburnian Warbler","Setophaga fusca"
"bkpwar","Blackpoll Warbler","Setophaga striata"
"blugrb1","Blue Grosbeak","Passerina caerulea"
"blujay","Blue Jay","Cyanocitta cristata"
"burthr","Blue Rock-Thrush","Monticola solitarius"
"blwthr1","Blue Whistling-Thrush","Myophonus caeruleus"
"bawswa1","Blue-and-white Swallow","Pygochelidon cyanoleuca"
"baytan3","Blue-and-yellow Tanager","Rauenia bonariensis"
"bucred1","Blue-capped Redstart","Phoenicurus coeruleocephala"
"buggna","Blue-gray Gnatcatcher","Polioptila caerulea"
"buhvir","Blue-headed Vireo","Vireo solitarius"
"btbeat1","Blue-tailed Bee-eater","Merops philippinus"
"butfly1","Blue-throated Flycatcher","Cyornis rubeculoides"
"bltsta2","Blue-tufted Starthroat","Heliomaster furcifer"
"blwpar3","Blue-winged Parrot","Neophema chrysostoma"
"buwtea","Blue-winged Teal","Spatula discors"
"buwwar","Blue-winged Warbler","Vermivora cyanoptera"
"blueth","Bluethroat","Luscinia svecica"
"blrwar1","Blyth's Reed Warbler","Acrocephalus dumetorum"
"bobfly1","Boat-billed Flycatcher","Megarynchus pitangua"
"boboli","Bobolink","Dolichonyx oryzivorus"
"bohwax","Bohemian Waxwing","Bombycilla garrulus"
"bongul","Bonaparte's Gull","Chroicocephalus philadelphia"
"booeag1","Booted Eagle","Hieraaetus pennatus"
"borowl","Boreal Owl","Aegolius funereus"
"brasta1","Brahminy Starling","Sturnia pagodarum"
"brambl","Brambling","Fringilla montifringilla"
"brcfly1","Bran-colored Flycatcher","Myiophobus fasciatus"
"brant","Brant","Branta bernicla"
"brebla","Brewer's Blackbird","Euphagus cyanocephalus"
"brespa","Brewer's Sparrow","Spizella breweri"
"brtcur","Bristle-thighed Curlew","Numenius tahitiensis"
"brbhum","Broad-billed Hummingbird","Cynanthus latirostris"
"brbsan","Broad-billed Sandpiper","Calidris falcinellus"
"brthum","Broad-tailed Hummingbird","Selasphorus platycercus"
"brwhaw","Broad-winged Hawk","Buteo platypterus"
"brocow","Bronzed Cowbird","Molothrus aeneus"
"brncre","Brown Creeper","Certhia americana"
"brnpel","Brown Pelican","Pelecanus occidentalis"
"brnshr","Brown Shrike","Lanius cristatus"
"brnthr","Brown Thrasher","Toxostoma rufum"
"bcrfin","Brown-capped Rosy-Finch","Leucosticte australis"
"brcmar1","Brown-chested Martin","Progne tapera"
"bncfly","Brown-crested Flycatcher","Myiarchus tyrannulus"
"bnhcow","Brown-headed Cowbird","Molothrus ater"
"bnhgul1","Brown-headed Gull","Chroicocephalus brunnicephalus"
"brhthr1","Brown-headed Thrush","Turdus chrysolaus"
"brhgul2","Brown-hooded Gull","Chroicocephalus maculipennis"
"y01312","Brown/Cocos Booby","Sula leucogaster/brewsteri"
"bfbwar1","Brownish-flanked Bush Warbler","Horornis fortipes"
"budger","Budgerigar","Melopsittacus undulatus"
"bubhum","Buff-bellied Hummingbird","Amazilia yucatanensis"
"bubfly","Buff-breasted Flycatcher","Empidonax fulvifrons"
"bubsan","Buff-breasted Sandpiper","Calidris subruficollis"
"bucnig","Buff-collared Nightjar","Antrostomus ridgwayi"
"buwcin1","Buff-winged Cinclodes","Cinclodes fuscus"
"buffle","Bufflehead","Bucephala albeola"
"buhshr1","Bull-headed Shrike","Lanius bucephalus"
"bulalb2","Buller's Albatross","Thalassarche bulleri"
"bulshe","Buller's Shearwater","Ardenna bulleri"
"bulori","Bullock's Oriole","Icterus bullockii"
"burowl","Burrowing Owl","Athene cunicularia"
"cacgoo1","Cackling Goose","Branta hutchinsii"
"callar1","Calandra Lark","Melanocorypha calandra"
"calgul","California Gull","Larus californicus"
"calhum","Calliope Hummingbird","Selasphorus calliope"
"cangoo","Canada Goose","Branta canadensis"
"canwar","Canada Warbler","Cardellina canadensis"
"canvas","Canvasback","Aythya valisineria"
"capgri1","Cape Griffon","Gyps coprotheres"
"camwar","Cape May Warbler","Setophaga tigrina"
"carmar1","Caribbean Martin","Progne dominicensis"
"caster1","Caspian Tern","Hydroprogne caspia"
"casauk","Cassin's Auklet","Ptychoramphus aleuticus"
"casfin","Cassin's Finch","Haemorhous cassinii"
"caskin","Cassin's Kingbird","Tyrannus vociferans"
"casspa","Cassin's Sparrow","Peucaea cassinii"
"casvir","Cassin's Vireo","Vireo cassinii"
"cavswa","Cave Swallow","Petrochelidon fulva"
"cedwax","Cedar Waxwing","Bombycilla cedrorum"
"cerwar","Cerulean Warbler","Setophaga cerulea"
"cetwar1","Cetti's Warbler","Cettia cetti"
"chbcuc2","Channel-billed Cuckoo","Scythrops novaehollandiae"
"chclon","Chestnut-collared Longspur","Calcarius ornatus"
"chbeat1","Chestnut-headed Bee-eater","Merops leschenaulti"
"chswar","Chestnut-sided Warbler","Setophaga pensylvanica"
"chtsta2","Chestnut-tailed Starling","Sturnia malabarica"
"chwcuc1","Chestnut-winged Cuckoo","Clamator coromandus"
"lilmea2","Chihuahuan Meadowlark","Sturnella lilianae"
"chifla1","Chilean Flamingo","Phoenicopterus chilensis"
"chipig2","Chilean Pigeon","Patagioenas araucana"
"chisku1","Chilean Skua","Stercorarius chilensis"
"chiswa1","Chilean Swallow","Tachycineta leucopyga"
"chiwig1","Chiloe Wigeon","Mareca sibilatrix"
"chiswi","Chimney Swift","Chaetura pelagica"
"chibla1","Chinese Blackbird","Turdus mandarinus"
"chiegr","Chinese Egret","Egretta eulophotes"
"chptit1","Chinese Penduline-Tit","Remiz consobrinus"
"chpher1","Chinese Pond-Heron","Ardeola bacchus"
"grfhaw1","Chinese Sparrowhawk","Tachyspiza soloensis"
"chispa","Chipping Sparrow","Spizella passerina"
"chivir1","Chivi Vireo","Vireo chivi"
"chvtyr2","Chocolate-vented Tyrant","Neoxolmis rufiventris"
"chwwid","Chuck-will's-widow","Antrostomus carolinensis"
"cingrt1","Cinereous Ground-Tyrant","Muscisaxicola cinereus"
"cinhar1","Cinereous Harrier","Circus cinereus"
"cinvul1","Cinereous Vulture","Aegypius monachus"
"cinbit1","Cinnamon Bittern","Botaurus cinnamomeus"
"cintea","Cinnamon Teal","Spatula cyanoptera"
"cibgrt1","Cinnamon-bellied Ground-Tyrant","Muscisaxicola capistratus"
"clarai11","Clapper Rail","Rallus crepitans"
"clagre","Clark's Grebe","Aechmophorus clarkii"
"clcspa","Clay-colored Sparrow","Spizella pallida"
"cliswa","Cliff Swallow","Petrochelidon pyrrhonota"
"cockat","Cockatiel","Nymphicus hollandicus"
"colwar","Colima Warbler","Leiothlypis crissalis"
"colpra","Collared Pratincole","Glareola pratincola"
"comblh1","Common Black Hawk","Buteogallus anthracinus"
"combuz1","Common Buzzard","Buteo buteo"
"comcha","Common Chaffinch","Fringilla coelebs"
"comchi1","Common Chiffchaff","Phylloscopus collybita"
"comcra","Common Crane","Grus grus"
"comcuc","Common Cuckoo","Cuculus canorus"
"codpet1","Common Diving-Petrel","Pelecanoides urinatrix"
"comeid","Common Eider","Somateria mollissima"
"comgal1","Common Gallinule","Gallinula galeata"
"comgol","Common Goldeneye","Bucephala clangula"
"comgra","Common Grackle","Quiscalus quiscula"
"cogwar1","Common Grasshopper Warbler","Locustella naevia"
"comgre","Common Greenshank","Tringa nebularia"
"cogdov","Common Ground Dove","Columbina passerina"
"mewgul","Common Gull","Larus canus"
"comkin1","Common Kingfisher","Alcedo atthis"
"comloo","Common Loon","Gavia immer"
"commer","Common Merganser","Mergus merganser"
"commin1","Common Miner","Geositta cunicularia"
"commur","Common Murre","Uria aalge"
"comnig","Common Nighthawk","Chordeiles minor"
"comnig1","Common Nightingale","Luscinia megarhynchos"
"compoc","Common Pochard","Aythya ferina"
"compoo","Common Poorwill","Phalaenoptilus nuttallii"
"compot1","Common Potoo","Nyctibius griseus"
"comqua1","Common Quail","Coturnix coturnix"
"comred1","Common Redshank","Tringa totanus"
"comred2","Common Redstart","Phoenicurus phoenicurus"
"eurwar1","Common Reed Warbler","Acrocephalus scirpaceus"
"corplo","Common Ringed Plover","Charadrius hiaticula"
"comsan","Common Sandpiper","Actitis hypoleucos"
"blksco1","Common Scoter","Melanitta nigra"
"comsni","Common Snipe","Gallinago gallinago"
"comswi","Common Swift","Apus apus"
"comter","Common Tern","Sterna hirundo"
"cowpig1","Common Wood-Pigeon","Columba palumbus"
"comyel","Common Yellowthroat","Geothlypis trichas"
"conwar","Connecticut Warbler","Oporornis agilis"
"coopet","Cook's Petrel","Pterodroma cookii"
"coohaw","Cooper's Hawk","Astur cooperii"
"corbun1","Corn Bunting","Emberiza calandra"
"corpip1","Correndera Pipit","Anthus correndera"
"corshe","Cory's/Scopoli's Shearwater","Calonectris borealis/diomedea"
"cosswa1","Coscoroba Swan","Coscoroba coscoroba"
"coshum","Costa's Hummingbird","Calypte costae"
"coukin","Couch's Kingbird","Tyrannus couchii"
"cramur","Craveri's Murrelet","Synthliboramphus craveri"
"crelar1","Crested Lark","Galerida cristata"
"cubmar","Cuban Martin","Progne cryptoleuca"
"cursan","Curlew Sandpiper","Calidris ferruginea"
"dabcin1","Dark-bellied Cinclodes","Cinclodes patagonicus"
"daejun","Dark-eyed Junco","Junco hyemalis"
"dafgrt1","Dark-faced Ground-Tyrant","Muscisaxicola maclovianus"
"darwar1","Dartford Warbler","Curruca undata"
"daured1","Daurian Redstart","Phoenicurus auroreus"
"dickci","Dickcissel","Spiza americana"
"didcuc1","Dideric Cuckoo","Chrysococcyx caprius"
"codfin1","Diuca Finch","Diuca diuca"
"dollar1","Dollarbird","Eurystomus orientalis"
"dobplo1","Double-banded Plover","Anarhynchus bicinctus"
"docsee1","Double-collared Seedeater","Sporophila caerulescens"
"doccor","Double-crested Cormorant","Nannopterum auritum"
"doveki","Dovekie","Alle alle"
"dunlin","Dunlin","Calidris alpina"
"dunnoc1","Dunnock","Prunella modularis"
"dusfly","Dusky Flycatcher","Empidonax oberholseri"
"duswar","Dusky Warbler","Phylloscopus fuscatus"
"duswoo1","Dusky Woodswallow","Artamus cyanopterus"
"ducfly","Dusky-capped Flycatcher","Myiarchus tuberculifer"
"eardov1","Eared Dove","Zenaida auriculata"
"eargre","Eared Grebe","Podiceps nigricollis"
"easblu","Eastern Bluebird","Sialia sialis"
"combuz6","Eastern Buzzard","Buteo japonicus"
"categr2","Eastern Cattle-Egret","Ardea coromanda"
"easkin","Eastern Kingbird","Tyrannus tyrannus"
"easmah1","Eastern Marsh Harrier","Circus spilonotus"
"easmea","Eastern Meadowlark","Sturnella magna"
"easpho","Eastern Phoebe","Sayornis phoebe"
"easspi1","Eastern Spinebill","Acanthorhynchus tenuirostris"
"spbduc","Eastern Spot-billed Duck","Anas zonorhyncha"
"eastow","Eastern Towhee","Pipilo erythrophthalmus"
"easwpw1","Eastern Whip-poor-will","Antrostomus vociferus"
"eawpew","Eastern Wood-Pewee","Contopus virens"
"eaywag","Eastern Yellow Wagtail","Motacilla tschutschensis"
"egyvul1","Egyptian Vulture","Neophron percnopterus"
"eleter1","Elegant Tern","Thalasseus elegans"
"elefal1","Eleonora's Falcon","Falco eleonorae"
"elfowl","Elf Owl","Micrathene whitneyi"
"wvspet1","Elliot's Storm-Petrel","Oceanites gracilis"
"empgoo","Emperor Goose","Anser canagicus"
"eulfly1","Euler's Flycatcher","Lathrotriccus euleri"
"grebit1","Eurasian Bittern","Botaurus stellaris"
"eurbla","Eurasian Blackbird","Turdus merula"
"blackc1","Eurasian Blackcap","Sylvia atricapilla"
"eurcoo","Eurasian Coot","Fulica atra"
"eurcrm1","Eurasian Crag-Martin","Ptyonoprogne rupestris"
"eurcur","Eurasian Curlew","Numenius arquata"
"eugori2","Eurasian Golden Oriole","Oriolus oriolus"
"eurgri1","Eurasian Griffon","Gyps fulvus"
"hoopoe","Eurasian Hoopoe","Upupa epops"
"eurkes","Eurasian Kestrel","Falco tinnunculus"
"eurlin1","Eurasian Linnet","Linaria cannabina"
"eurnig1","Eurasian Nightjar","Caprimulgus europaeus"
"euroys1","Eurasian Oystercatcher","Haematopus ostralegus"
"skylar","Eurasian Skylark","Alauda arvensis"
"eurspa1","Eurasian Sparrowhawk","Accipiter nisus"
"eurspo1","Eurasian Spoonbill","Platalea leucorodia"
"eurwig","Eurasian Wigeon","Mareca penelope"
"eurwoo","Eurasian Woodcock","Scolopax rusticola"
"eurwry","Eurasian Wryneck","Jynx torquilla"
"eubeat1","European Bee-eater","Merops apiaster"
"eugplo","European Golden-Plover","Pluvialis apricaria"
"eurgre1","European Greenfinch","Chloris chloris"
"euhbuz1","European Honey-buzzard","Pernis apivorus"
"eupfly1","European Pied Flycatcher","Ficedula hypoleuca"
"eurrob1","European Robin","Erithacus rubecula"
"eurrol1","European Roller","Coracias garrulus"
"eurser1","European Serin","Serinus serinus"
"eursha1","European Shag","Gulosus aristotelis"
"eursta","European Starling","Sturnus vulgaris"
"stonec4","European Stonechat","Saxicola rubicola"
"bripet","European Storm-Petrel","Hydrobates pelagicus"
"eutdov","European Turtle-Dove","Streptopelia turtur"
"y01288","European/Gray-crowned Goldfinch","Carduelis carduelis/caniceps"
"evegro","Evening Grosbeak","Coccothraustes vespertinus"
"faimar2","Fairy Martin","Petrochelidon ariel"
"faipit1","Fairy Pitta","Pitta nympha"
"faipri1","Fairy Prion","Pachyptila turtur"
"falduc","Falcated Duck","Mareca falcata"
"fatcuc1","Fan-tailed Cuckoo","Cacomantis flabelliformis"
"faecur","Far Eastern Curlew","Numenius madagascariensis"
"ferduc","Ferruginous Duck","Aythya nyroca"
"ferfly1","Ferruginous Flycatcher","Muscicapa ferruginea"
"ferhaw","Ferruginous Hawk","Buteo regalis"
"fiespa","Field Sparrow","Spizella pusilla"
"fiediu1","Fire-eyed Diucon","Pyrope pyrope"
"fiscro","Fish Crow","Corvus ossifragus"
"flarob1","Flame Robin","Petroica phoenicea"
"flaowl","Flammulated Owl","Psiloscops flammeolus"
"flfshe","Flesh-footed Shearwater","Ardenna carneipes"
"flushe1","Fluttering Shearwater","Puffinus gavia"
"forwag1","Forest Wagtail","Dendronanthus indicus"
"asidrc2","Fork-tailed Drongo-Cuckoo","Surniculus dicruroides"
"fotfly","Fork-tailed Flycatcher","Tyrannus savana"
"ftspet","Fork-tailed Storm-Petrel","Hydrobates furcatus"
"forter","Forster's Tern","Sterna forsteri"
"foxspa","Fox Sparrow","Passerella iliaca"
"fragul","Franklin's Gull","Leucophaeus pipixcan"
"fuwduc","Fulvous Whistling-Duck","Dendrocygna bicolor"
"fusfly1","Fuscous Flycatcher","Cnemotriccus fuscatus"
"gadwal","Gadwall","Mareca strepera"
"gargan","Garganey","Spatula querquedula"
"giahum1","Giant Hummingbird","Patagona gigas"
"glagul","Glaucous Gull","Larus hyperboreus"
"glwgul","Glaucous-winged Gull","Larus glaucescens"
"glbeme1","Glittering-bellied Emerald","Chlorostilbon lucidus"
"gloibi","Glossy Ibis","Plegadis falcinellus"
"goldcr1","Goldcrest","Regulus regulus"
"goleag","Golden Eagle","Aquila chrysaetos"
"gchwar","Golden-cheeked Warbler","Setophaga chrysoparia"
"gockin","Golden-crowned Kinglet","Regulus satrapa"
"gocspa","Golden-crowned Sparrow","Zonotrichia atricapilla"
"gsgdov1","Golden-spotted Ground Dove","Metriopelia aymara"
"gowwar","Golden-winged Warbler","Vermivora chrysoptera"
"grawar","Grace's Warbler","Setophaga graciae"
"graspa","Grasshopper Sparrow","Ammodramus savannarum"
"gryfin1","Grassland Yellow-Finch","Sicalis luteola"
"grycat","Gray Catbird","Dumetella carolinensis"
"gryfan1","Gray Fantail","Rhipidura albiscapa"
"gryfly","Gray Flycatcher","Empidonax wrightii"
"grygul","Gray Gull","Leucophaeus modestus"
"gryhaw2","Gray Hawk","Buteo plagiatus"
"graher1","Gray Heron","Ardea cinerea"
"grykin","Gray Kingbird","Tyrannus dominicensis"
"gryvir","Gray Vireo","Vireo vicinior"
"grywag","Gray Wagtail","Motacilla cinerea"
"gybstp1","Gray-backed Storm-Petrel","Garrodia nereis"
"gybsht1","Gray-bellied Shrike-Tyrant","Agriornis micropterus"
"gybmar","Gray-breasted Martin","Progne chalybea"
"gybsee1","Gray-breasted Seedsnipe","Thinocorus orbignyianus"
"gycthr","Gray-cheeked Thrush","Catharus minimus"
"gcrfin","Gray-crowned Rosy-Finch","Leucosticte tephrocotis"
"gyfbuz1","Gray-faced Buzzard","Butastur indicus"
"grwpet2","Gray-faced Petrel","Pterodroma gouldi"
"gyfcin1","Gray-flanked Cinclodes","Cinclodes oustaleti"
"grhgul","Gray-hooded Gull","Chroicocephalus cirrocephalus"
"gyhsif1","Gray-hooded Sierra Finch","Phrygilus gayi"
"gyttat1","Gray-tailed Tattler","Tringa brevipes"
"gragoo","Graylag Goose","Anser anser"
"gbbgul","Great Black-backed Gull","Larus marinus"
"grbher3","Great Blue Heron","Ardea herodias"
"grebus1","Great Bustard","Otis tarda"
"grecor","Great Cormorant","Phalacrocorax carbo"
"grcfly","Great Crested Flycatcher","Myiarchus crinitus"
"grcgre1","Great Crested Grebe","Podiceps cristatus"
"grcter1","Great Crested Tern","Thalasseus bergii"
"greegr","Great Egret","Ardea alba"
"grgowl","Great Gray Owl","Strix nebulosa"
"grekno","Great Knot","Calidris tenuirostris"
"grrwar1","Great Reed Warbler","Acrocephalus arundinaceus"
"greshe","Great Shearwater","Ardenna gravis"
"gresht1","Great Shrike-Tyrant","Agriornis lividus"
"gresku1","Great Skua","Stercorarius skua"
"grwpel1","Great White Pelican","Pelecanus onocrotalus"
"grtgra","Great-tailed Grackle","Quiscalus mexicanus"
"grefla3","Greater Flamingo","Phoenicopterus roseus"
"grepew","Greater Pewee","Contopus pertinax"
"gresca","Greater Scaup","Aythya marila"
"gwfgoo","Greater White-fronted Goose","Anser albifrons"
"grewhi1","Greater Whitethroat","Curruca communis"
"gryfin2","Greater Yellow-Finch","Sicalis auriventris"
"greyel","Greater Yellowlegs","Tringa melanoleuca"
"grnher","Green Heron","Butorides virescens"
"grnsan","Green Sandpiper","Tringa ochropus"
"grbfir1","Green-backed Firecrown","Sephanoides sephaniodes"
"gnbman","Green-breasted Mango","Anthracothorax prevostii"
"gnttow","Green-tailed Towhee","Pipilo chlorurus"
"gnwtea","Green-winged Teal","Anas crecca"
"greela","Greenish Elaenia","Myiopagis viridicata"
"gryfin3","Greenish Yellow-Finch","Sicalis olivascens"
"grbani","Groove-billed Ani","Crotophaga sulcirostris"
"gubter2","Gull-billed Tern","Gelochelidon nilotica"
"hamfly","Hammond's Flycatcher","Empidonax hammondii"
"harduc","Harlequin Duck","Histrionicus histrionicus"
"harspa","Harris's Sparrow","Zonotrichia querula"
"heegul","Heermann's Gull","Larus heermanni"
"helpip1","Hellmayr's Pipit","Anthus hellmayri"
"norhar1","Hen Harrier","Circus cyaneus"
"henspa","Henslow's Sparrow","Centronyx henslowii"
"heptan","Hepatic Tanager","Piranga flava"
"herthr","Hermit Thrush","Catharus guttatus"
"herwar","Hermit Warbler","Setophaga occidentalis"
"himcuc1","Himalayan Cuckoo","Cuculus saturatus"
"himrub1","Himalayan Rubythroat","Calliope pectoralis"
"hohgre1","Hoary-headed Grebe","Poliocephalus poliocephalus"
"hoogre1","Hooded Grebe","Podiceps gallardoi"
"hoomer","Hooded Merganser","Lophodytes cucullatus"
"hooori","Hooded Oriole","Icterus cucullatus"
"hoowar","Hooded Warbler","Setophaga citrina"
"horgre","Horned Grebe","Podiceps auritus"
"horlar","Horned Lark","Eremophila alpestris"
"horpuf","Horned Puffin","Fratercula corniculata"
"hobcuc1","Horsfield's Bronze-Cuckoo","Chalcites basalis"
"hudgod","Hudsonian Godwit","Limosa haemastica"
"humpen1","Humboldt Penguin","Spheniscus humboldti"
"hutshe1","Hutton's Shearwater","Puffinus huttoni"
"hutvir","Hutton's Vireo","Vireo huttoni"
"ibechi2","Iberian Chiffchaff","Phylloscopus ibericus"
"y00478","Iceland Gull","Larus glaucoides"
"indcuc1","Indian Cuckoo","Cuculus micropterus"
"aspfly1","Indian Paradise-Flycatcher","Terpsiphone paradisi"
"indpit1","Indian Pitta","Pitta brachyura"
"inpher1","Indian Pond-Heron","Ardeola grayii"
"indbun","Indigo Bunting","Passerina cyanea"
"ivogul","Ivory Gull","Pagophila eburnea"
"jamfla1","James's Flamingo","Phoenicoparrus jamesi"
"jabwar","Japanese Bush Warbler","Horornis diphone"
"japcor1","Japanese Cormorant","Phalacrocorax capillatus"
"japspa1","Japanese Sparrowhawk","Tachyspiza gularis"
"grynig2","Jungle Nightjar","Caprimulgus indicus"
"arcwar2","Kamchatka Leaf Warbler","Phylloscopus examinandus"
"kelgoo1","Kelp Goose","Chloephaga hybrida"
"kenplo1","Kentish Plover","Anarhynchus alexandrinus"
"kenwar","Kentucky Warbler","Geothlypis formosa"
"killde","Killdeer","Charadrius vociferus"
"kineid","King Eider","Somateria spectabilis"
"kinpen1","King Penguin","Aptenodytes patagonicus"
"kinrai4","King Rail","Rallus elegans"
"kirwar","Kirtland's Warbler","Setophaga kirtlandii"
"klacuc1","Klaas's Cuckoo","Chrysococcyx klaas"
"lakduc1","Lake Duck","Oxyura vittata"
"laplon","Lapland Longspur","Calcarius lapponicus"
"larhac2","Large Hawk-Cuckoo","Hierococcyx sparverioides"
"larbun","Lark Bunting","Calamospiza melanocorys"
"larspa","Lark Sparrow","Chondestes grammacus"
"latsni1","Latham's Snipe","Gallinago hardwickii"
"laugul","Laughing Gull","Leucophaeus atricilla"
"lawgol","Lawrence's Goldfinch","Spinus lawrencei"
"layalb","Laysan Albatross","Phoebastria immutabilis"
"lazbun","Lazuli Bunting","Passerina amoena"
"lecspa","LeConte's Sparrow","Ammospiza leconteii"
"lcspet","Leach's Storm-Petrel","Hydrobates leucorhous"
"leafly2","Leaden Flycatcher","Myiagra rubecula"
"leabit","Least Bittern","Botaurus exilis"
"leafly","Least Flycatcher","Empidonax minimus"
"leasan","Least Sandpiper","Calidris minutilla"
"leasee1","Least Seedsnipe","Thinocorus rumicivorus"
"lsspet","Least Storm-Petrel","Hydrobates microsoma"
"leater1","Least Tern","Sternula antillarum"
"lbbgul","Lesser Black-backed Gull","Larus fuscus"
"lesfla1","Lesser Flamingo","Phoeniconaias minor"
"lesgol","Lesser Goldfinch","Spinus psaltria"
"legshr2","Lesser Gray Shrike","Lanius minor"
"leskes1","Lesser Kestrel","Falco naumanni"
"lesnig","Lesser Nighthawk","Chordeiles acutipennis"
"lessca","Lesser Scaup","Aythya affinis"
"leseag1","Lesser Spotted Eagle","Clanga pomarina"
"lessts1","Lesser Striped Swallow","Cecropis abyssinica"
"leswhi4","Lesser Whitethroat","Curruca curruca"
"lesyel","Lesser Yellowlegs","Tringa flavipes"
"lewwoo","Lewis's Woodpecker","Melanerpes lewis"
"livbul1","Light-vented Bulbul","Pycnonotus sinensis"
"linspa","Lincoln's Sparrow","Melospiza lincolnii"
"linsee1","Lined Seedeater","Sporophila lineola"
"litbit1","Little Bittern","Botaurus minutus"
"libcor1","Little Black Cormorant","Phalacrocorax sulcirostris"
"libher","Little Blue Heron","Egretta caerulea"
"litbus1","Little Bustard","Tetrax tetrax"
"litbut1","Little Buttonquail","Turnix velox"
"litegr","Little Egret","Egretta garzetta"
"litfri1","Little Friarbird","Philemon citreogularis"
"litgre1","Little Grebe","Tachybaptus ruficollis"
"litgul","Little Gull","Hydrocoloeus minutus"
"litpen1","Little Penguin","Eudyptula minor"
"lirplo","Little Ringed Plover","Thinornis dubius"
"litsti","Little Stint","Calidris minuta"
"litter1","Little Tern","Sternula albifrons"
"logshr","Loggerhead Shrike","Lanius ludovicianus"
"lobcur","Long-billed Curlew","Numenius americanus"
"lobdow","Long-billed Dowitcher","Limnodromus scolopaceus"
"loeowl","Long-eared Owl","Asio otus"
"lotduc","Long-tailed Duck","Clangula hyemalis"
"lotjae","Long-tailed Jaeger","Stercorarius longicaudus"
"lotkoe1","Long-tailed Koel","Urodynamis taitensis"
"lotshr1","Long-tailed Shrike","Lanius schach"
"lotsti","Long-toed Stint","Calidris subminuta"
"lowhar1","Long-winged Harrier","Circus buffoni"
"louwat","Louisiana Waterthrush","Parkesia motacilla"
"luchum","Lucifer Hummingbird","Calothorax lucifer"
"lucwar","Lucy's Warbler","Leiothlypis luciae"
"macwar","MacGillivray's Warbler","Geothlypis tolmiei"
"madpet1","Magellanic Diving-Petrel","Pelecanoides magellani"
"magoys1","Magellanic Oystercatcher","Haematopus leucopodus"
"magpen1","Magellanic Penguin","Spheniscus magellanicus"
"magplo1","Magellanic Plover","Pluvianellus socialis"
"soasni3","Magellanic Snipe","Gallinago magellanica"
"magfri","Magnificent Frigatebird","Fregata magnificens"
"magwar","Magnolia Warbler","Setophaga magnolia"
"maggoo1","Magpie Goose","Anseranas semipalmata"
"magsto1","Maguari Stork","Ciconia maguari"
"mallar3","Mallard","Anas platyrhynchos"
"manduc","Mandarin Duck","Aix galericulata"
"manshe","Manx Shearwater","Puffinus puffinus"
"mcrtyr1","Many-colored Rush Tyrant","Tachuris rubrigastra"
"margod","Marbled Godwit","Limosa fedoa"
"maspet","Markham's Storm-Petrel","Hydrobates markhami"
"marori2","Maroon Oriole","Oriolus traillii"
"marsan","Marsh Sandpiper","Tringa stagnatilis"
"marwre","Marsh Wren","Cistothorus palustris"
"bkfbun2","Masked Bunting","Emberiza personata"
"maslap1","Masked Lapwing","Vanellus miles"
"maswoo1","Masked Woodswallow","Artamus personatus"
"mckbun","McKay's Bunting","Plectrophenax hyperboreus"
"meapip1","Meadow Pipit","Anthus pratensis"
"medgul1","Mediterranean Gull","Ichthyaetus melanocephalus"
"integr1","Medium Egret","Ardea intermedia"
"merlin","Merlin","Falco columbarius"
"souwpw1","Mexican Whip-poor-will","Antrostomus arizonae"
"miskit","Mississippi Kite","Ictinia mississippiensis"
"misthr1","Mistle Thrush","Turdus viscivorus"
"monhar1","Montagu's Harrier","Circus pygargus"
"motpet","Mottled Petrel","Pterodroma inexpectata"
"moublu","Mountain Bluebird","Sialia currucoides"
"mouchi","Mountain Chickadee","Poecile gambeli"
"mouplo","Mountain Plover","Anarhynchus montanus"
"moudov","Mourning Dove","Zenaida macroura"
"mouwar","Mourning Warbler","Geothlypis philadelphia"
"y01204","Mouse-colored Tyrannulet","Nesotriccus murinus"
"mugfly","Mugimaki Flycatcher","Ficedula mugimaki"
"mutswa","Mute Swan","Cygnus olor"
"auskes1","Nankeen Kestrel","Falco cenchroides"
"narfly2","Narcissus Flycatcher","Ficedula narcissina"
"naswar","Nashville Warbler","Leiothlypis ruficapilla"
"nstspa","Nelson's Sparrow","Ammospiza nelsoni"
"nezstp1","New Zealand Storm-Petrel","Fregetta maoriana"
"noifri1","Noisy Friarbird","Philemon corniculatus"
"noipit1","Noisy Pitta","Pitta versicolor"
"norgre1","Nordmann's Greenshank","Tringa guttifer"
"nobtyr","Northern Beardless-Tyrannulet","Camptostoma imberbe"
"norboo1","Northern Boobook","Ninox japonica"
"norfli","Northern Flicker","Colaptes auratus"
"norful","Northern Fulmar","Fulmarus glacialis"
"norgan","Northern Gannet","Morus bassanus"
"norgip1","Northern Giant-Petrel","Macronectes halli"
"norhar2","Northern Harrier","Circus hudsonius"
"nohowl","Northern Hawk Owl","Surnia ulula"
"norlap","Northern Lapwing","Vanellus vanellus"
"normoc","Northern Mockingbird","Mimus polyglottos"
"norpar","Northern Parula","Setophaga americana"
"norpin","Northern Pintail","Anas acuta"
"nrwswa","Northern Rough-winged Swallow","Stelgidopteryx serripennis"
"nswowl","Northern Saw-whet Owl","Aegolius acadicus"
"norsho","Northern Shoveler","Spatula clypeata"
"norshr4","Northern Shrike","Lanius borealis"
"norwat","Northern Waterthrush","Parkesia noveboracensis"
"norwhe","Northern Wheatear","Oenanthe oenanthe"
"y01309","Northern/Southern House Wren","Troglodytes aedon/musculus"
"ocftap1","Ochre-flanked Tapaculo","Eugralla paradoxa"
"ongtyr1","Ochre-naped Ground-Tyrant","Muscisaxicola flavinucha"
"olsfly","Olive-sided Flycatcher","Contopus cooperi"
"orcwar","Orange-crowned Warbler","Leiothlypis celata"
"orcori","Orchard Oriole","Icterus spurius"
"oricuc2","Oriental Cuckoo","Cuculus optatus"
"origre","Oriental Greenfinch","Chloris sinica"
"orihob2","Oriental Honey-buzzard","Pernis ptilorhynchus"
"oripra","Oriental Pratincole","Glareola maldivarum"
"orrwar1","Oriental Reed Warbler","Acrocephalus orientalis"
"orsowl","Oriental Scops-Owl","Otus sunia"
"orisky1","Oriental Skylark","Alauda gulgula"
"oristo1","Oriental Stork","Ciconia boyciana"
"ortdov","Oriental Turtle-Dove","Streptopelia orientalis"
"ortbun1","Ortolan Bunting","Emberiza hortulana"
"osprey","Osprey","Pandion haliaetus"
"ovenbi1","Ovenbird","Seiurus aurocapilla"
"pagplo","Pacific Golden-Plover","Pluvialis fulva"
"asikoe3","Pacific Koel","Eudynamys orientalis"
"pacloo","Pacific Loon","Gavia pacifica"
"fotswi","Pacific Swift","Apus pacificus"
"pacwre1","Pacific Wren","Troglodytes pacificus"
"paibun","Painted Bunting","Passerina ciris"
"paired","Painted Redstart","Myioborus pictus"
"palthr1","Pale Thrush","Turdus pallidus"
"palcuc1","Pallid Cuckoo","Heteroscenes pallidus"
"palswi3","Pallid Swift","Apus pallidus"
"palwar","Palm Warbler","Setophaga palmarum"
"parauk","Parakeet Auklet","Aethia psittacula"
"parjae","Parasitic Jaeger","Stercorarius parasiticus"
"parpet1","Parkinson's Petrel","Procellaria parkinsoni"
"pafear1","Patagonian Forest Earthcreeper","Upucerthia saturatior"
"patmoc1","Patagonian Mockingbird","Mimus patagonicus"
"pattyr2","Patagonian Tyrant","Colorhamphus parvirostris"
"payfin1","Patagonian Yellow-Finch","Sicalis lebruni"
"pecsan","Pectoral Sandpiper","Calidris melanotos"
"pelcor","Pelagic Cormorant","Urile pelagicus"
"perfal","Peregrine Falcon","Falco peregrinus"
"pedpet1","Peruvian Diving-Petrel","Pelecanoides garnotii"
"perter2","Peruvian Tern","Sternula lorata"
"phaino","Phainopepla","Phainopepla nitens"
"phtjac1","Pheasant-tailed Jacana","Hydrophasianus chirurgus"
"phivir","Philadelphia Vireo","Vireo philadelphicus"
"pieavo1","Pied Avocet","Recurvirostra avosetta"
"piehar1","Pied Harrier","Circus melanoleucos"
"piesti1","Pied Stilt","Himantopus leucocephalus"
"pibgre","Pied-billed Grebe","Podilymbus podiceps"
"piggui","Pigeon Guillemot","Cepphus columba"
"pitsni","Pin-tailed Snipe","Gallinago stenura"
"pingro","Pine Grosbeak","Pinicola enucleator"
"pinsis","Pine Siskin","Spinus pinus"
"pinwar","Pine Warbler","Setophaga pinus"
"pifgoo","Pink-footed Goose","Anser brachyrhynchus"
"pifshe","Pink-footed Shearwater","Ardenna creatopus"
"cappet","Pintado Petrel","Daption capense"
"pipplo","Piping Plover","Charadrius melodus"
"pirfly1","Piratic Flycatcher","Legatus leucophaius"
"plaswi1","Plain Swift","Apus unicolor"
"pmtspi1","Plain-mantled Tit-Spinetail","Leptasthenura aegithaloides"
"placuc1","Plaintive Cuckoo","Cacomantis merulinus"
"plukit1","Plumbeous Kite","Ictinia plumbea"
"plured1","Plumbeous Redstart","Phoenicurus fuliginosus"
"plsvir","Plumbeous Vireo","Vireo plumbeus"
"pomjae","Pomarine Jaeger","Stercorarius pomarinus"
"prafal","Prairie Falcon","Falco mexicanus"
"prawar","Prairie Warbler","Setophaga discolor"
"prowar","Prothonotary Warbler","Protonotaria citrea"
"purfin","Purple Finch","Haemorhous purpureus"
"purgal2","Purple Gallinule","Porphyrio martinica"
"purher1","Purple Heron","Ardea purpurea"
"purmar","Purple Martin","Progne subis"
"pursan","Purple Sandpiper","Calidris maritima"
"razorb","Razorbill","Alca torda"
"recdov1","Red Collared-Dove","Streptopelia tranquebarica"
"redcro","Red Crossbill","Loxia curvirostra"
"redkit1","Red Kite","Milvus milvus"
"redkno","Red Knot","Calidris canutus"
"redpha1","Red Phalarope","Phalaropus fulicarius"
"redsho1","Red Shoveler","Spatula platalea"
"redwat1","Red Wattlebird","Anthochaera carunculata"
"rebshr1","Red-backed Shrike","Lanius collurio"
"rebmer","Red-breasted Merganser","Mergus serrator"
"rebnut","Red-breasted Nuthatch","Sitta canadensis"
"rebsap","Red-breasted Sapsucker","Sphyrapicus ruber"
"reccuc1","Red-chested Cuckoo","Cuculus solitarius"
"reevir1","Red-eyed Vireo","Vireo olivaceus"
"refwar","Red-faced Warbler","Cardellina rubrifrons"
"refblu","Red-flanked/Qilian Bluetail","Tarsiger cyanurus/albocoeruleus"
"rehwoo","Red-headed Woodpecker","Melanerpes erythrocephalus"
"rensap","Red-naped Sapsucker","Sphyrapicus nuchalis"
"rengre","Red-necked Grebe","Podiceps grisegena"
"rennig1","Red-necked Nightjar","Caprimulgus ruficollis"
"renpha","Red-necked Phalarope","Phalaropus lobatus"
"rensti","Red-necked Stint","Calidris ruficollis"
"reshaw","Red-shouldered Hawk","Buteo lineatus"
"rethaw","Red-tailed Hawk","Buteo jamaicensis"
"retloo","Red-throated Loon","Gavia stellata"
"rewlap1","Red-wattled Lapwing","Vanellus indicus"
"rewbla","Red-winged Blackbird","Agelaius phoeniceus"
"redhea","Redhead","Aythya americana"
"redpol1","Redpoll","Acanthis flammea"
"rhiauk","Rhinoceros Auklet","Cerorhinca monocerata"
"ricpip1","Richard's Pipit","Anthus richardi"
"ribgul","Ring-billed Gull","Larus delawarensis"
"rinduc","Ring-necked Duck","Aythya collaris"
"maghum1","Rivoli's Hummingbird","Eugenes fulgens"
"rocpip1","Rock Pipit","Anthus petrosus"
"rocsan","Rock Sandpiper","Calidris ptilocnemis"
"rocwre","Rock Wren","Salpinctes obsoletus"
"rook1","Rook","Corvus frugilegus"
"rosrob1","Rose Robin","Petroica rosea"
"robgro","Rose-breasted Grosbeak","Pheucticus ludovicianus"
"rcfdov1","Rose-crowned Fruit-Dove","Ptilinopus regina"
"rotbec","Rose-throated Becard","Pachyramphus aglaiae"
"rosspo1","Roseate Spoonbill","Platalea ajaja"
"roster","Roseate Tern","Sterna dougallii"
"rosgoo","Ross's Goose","Anser rossii"
"rosgul","Ross's Gull","Rhodostethia rosea"
"robpoc1","Rosy-billed Pochard","Netta peposaca"
"rolhaw","Rough-legged Hawk","Buteo lagopus"
"royspo1","Royal Spoonbill","Platalea regia"
"royter1","Royal Tern","Thalasseus maximus"
"ruckin","Ruby-crowned Kinglet","Corthylio calendula"
"rthhum","Ruby-throated Hummingbird","Archilochus colubris"
"ruthum1","Ruby-topaz Hummingbird","Chrysolampis mosquitus"
"rudduc","Ruddy Duck","Oxyura jamaicensis"
"rudkin1","Ruddy Kingfisher","Halcyon coromanda"
"rudtur","Ruddy Turnstone","Arenaria interpres"
"rubcra1","Ruddy-breasted Crake","Zapornia fusca"
"ruhgoo1","Ruddy-headed Goose","Chloephaga rubidiceps"
"ruff","Ruff","Calidris pugnax"
"rufhum","Rufous Hummingbird","Selasphorus rufus"
"rufwhi1","Rufous Whistler","Pachycephala rufiventris"
"rubrob","Rufous-backed Robin","Turdus rufopalliatus"
"rucdot1","Rufous-chested Dotterel","Zonibyx modestus"
"rngtyr1","Rufous-naped Ground-Tyrant","Muscisaxicola rufivertex"
"rutlar2","Rufous-tailed Lark","Ammomanes phoenicura"
"rutpla1","Rufous-tailed Plantcutter","Phytotoma rara"
"rtrthr1","Rufous-tailed Rock-Thrush","Monticola saxatilis"
"rutscr1","Rufous-tailed Scrub-Robin","Cercotrichas galactotes"
"russpa2","Russet Sparrow","Passer cinnamomeus"
"rusbla","Rusty Blackbird","Euphagus carolinus"
"sabgul","Sabine's Gull","Xema sabini"
"sackin1","Sacred Kingfisher","Todiramphus sanctus"
"sagthr","Sage Thrasher","Oreoscoptes montanus"
"sagspa1","Sagebrush Sparrow","Artemisiospiza nevadensis"
"salwar1","Sakhalin Leaf Warbler","Phylloscopus borealoides"
"sstspa","Saltmarsh Sparrow","Ammospiza caudacuta"
"salalb1","Salvin's Albatross","Thalassarche salvini"
"sander","Sanderling","Calidris alba"
"sancra","Sandhill Crane","Antigone canadensis"
"santer1","Sandwich Tern","Thalasseus sandvicensis"
"sarwar1","Sardinian Warbler","Curruca melanocephala"
"audshe","Sargasso Shearwater","Puffinus lherminieri"
"satfly1","Satin Flycatcher","Myiagra cyanoleuca"
"saugul2","Saunders's Gull","Saundersilarus saundersi"
"savnig1","Savanna Nightjar","Caprimulgus affinis"
"savspa","Savannah Sparrow","Passerculus sandwichensis"
"savwar1","Savi's Warbler","Locustella luscinioides"
"saypho","Say's Phoebe","Sayornis saya"
"saytan1","Sayaca Tanager","Thraupis sayaca"
"sctear1","Scale-throated Earthcreeper","Upucerthia dumetaria"
"scamyz1","Scarlet Myzomela","Myzomela sanguinolenta"
"scatan","Scarlet Tanager","Piranga olivacea"
"sctfly","Scissor-tailed Flycatcher","Tyrannus forficatus"
"scoori","Scott's Oriole","Icterus parisorum"
"xanmur2","Scripps's Murrelet","Synthliboramphus scrippsi"
"seaspa","Seaside Sparrow","Ammospiza maritima"
"sedwre1","Sedge Wren","Cistothorus stellaris"
"semplo","Semipalmated Plover","Charadrius semipalmatus"
"semsan","Semipalmated Sandpiper","Calidris pusilla"
"shbcan2","Sharp-billed Canastero","Asthenes pyrrholeuca"
"shshaw","Sharp-shinned Hawk","Accipiter striatus"
"shtsan","Sharp-tailed Sandpiper","Calidris acuminata"
"shbcuc1","Shining Bronze-Cuckoo","Chalcites lucidus"
"shicow","Shiny Cowbird","Molothrus bonariensis"
"shbdow","Short-billed Dowitcher","Limnodromus griseus"
"mewgul2","Short-billed Gull","Larus brachyrhynchus"
"sheowl","Short-eared Owl","Asio flammeus"
"shthaw","Short-tailed Hawk","Buteo brachyurus"
"shtnig1","Short-tailed Nighthawk","Lurocalis semitorquatus"
"shtshe","Short-tailed Shearwater","Ardenna tenuirostris"
"shteag1","Short-toed Snake-Eagle","Circaetus gallicus"
"sibrob","Siberian Blue Robin","Larvivora cyane"
"sibsto1","Siberian Stonechat","Saxicola maurus"
"sicswi1","Sick's Swift","Chaetura meridionalis"
"siltea1","Silver Teal","Spatula versicolor"
"silgre1","Silvery Grebe","Podiceps occipitalis"
"slbgul","Slaty-backed Gull","Larus schistisagus"
"slbpar1","Slender-billed Parakeet","Enicognathus leptorhynchus"
"slbpri1","Slender-billed Prion","Pachyptila belcheri"
"smbela1","Small-billed Elaenia","Elaenia parvirostris"
"smilon","Smith's Longspur","Calcarius pictus"
"snobun","Snow Bunting","Plectrophenax nivalis"
"snogoo","Snow Goose","Anser caerulescens"
"snoegr","Snowy Egret","Egretta thula"
"snoowl1","Snowy Owl","Bubo scandiacus"
"snoplo5","Snowy Plover","Anarhynchus nivosus"
"snoshe2","Snowy Sheathbill","Chionis albus"
"snbfly1","Snowy-browed Flycatcher","Ficedula hyperythra"
"solsan","Solitary Sandpiper","Tringa solitaria"
"sonspa","Song Sparrow","Melospiza melodia"
"sonthr1","Song Thrush","Turdus philomelos"
"sooshe","Sooty Shearwater","Ardenna grisea"
"sora","Sora","Porzana carolina"
"soapas1","South American Painted-Snipe","Nycticryphes semicollaris"
"soater1","South American Tern","Sterna hirundinacea"
"soioys1","South Island Oystercatcher","Haematopus finschi"
"sopsku1","South Polar Skua","Stercorarius maccormicki"
"sobtyr1","Southern Beardless-Tyrannulet","Camptostoma obsoletum"
"souful1","Southern Fulmar","Fulmarus glacialoides"
"angpet1","Southern Giant-Petrel","Macronectes giganteus"
"soulap1","Southern Lapwing","Vanellus chilensis"
"soumar","Southern Martin","Progne elegans"
"rocpen1","Southern Rockhopper Penguin","Eudyptes chrysocome"
"srwswa1","Southern Rough-winged Swallow","Stelgidopteryx ruficollis"
"masyel5","Southern Yellowthroat","Geothlypis velata"
"spvear1","Sparkling Violetear","Colibri coruscans"
"speduc2","Spectacled Duck","Speculanas specularis"
"speeid","Spectacled Eider","Somateria fischeri"
"spetyr1","Spectacled Tyrant","Hymenops perspicillatus"
"spbsan1","Spoon-billed Sandpiper","Calidris pygmaea"
"sbgtyr1","Spot-billed Ground-Tyrant","Muscisaxicola maculirostris"
"spbpel1","Spot-billed Pelican","Pelecanus philippensis"
"spfgal1","Spot-flanked Gallinule","Porphyriops melanops"
"spopar1","Spotted Pardalote","Pardalotus punctatus"
"sposan","Spotted Sandpiper","Actitis macularius"
"sposha1","Spotted Shag","Phalacrocorax punctatus"
"spotow","Spotted Towhee","Pipilo maculatus"
"sprpip","Sprague's Pipit","Anthus spragueii"
"whwsco1","Stejneger's Scoter","Melanitta stejnegeri"
"steeid","Steller's Eider","Polysticta stelleri"
"steeag1","Steppe Eagle","Aquila nipalensis"
"stisan","Stilt Sandpiper","Calidris himantopus"
"gyctyr2","Straneck's Tyrannulet","Serpophaga griseicapilla"
"stnibi1","Straw-necked Ibis","Threskiornis spinicollis"
"strfly1","Streaked Flycatcher","Myiodynastes maculatus"
"strher","Striated Heron","Butorides striata"
"strcuc1","Striped Cuckoo","Tapera naevia"
"subfly","Sulphur-bellied Flycatcher","Myiodynastes luteiventris"
"sumtan","Summer Tanager","Piranga rubra"
"sufdov1","Superb Fruit-Dove","Ptilinopus superbus"
"suppar1","Superb Parrot","Polytelis swainsonii"
"sursco","Surf Scoter","Melanitta perspicillata"
"surfbi","Surfbird","Calidris virgata"
"swafly1","Swainson's Flycatcher","Myiarchus swainsoni"
"swahaw","Swainson's Hawk","Buteo swainsoni"
"swathr","Swainson's Thrush","Catharus ustulatus"
"swawar","Swainson's Warbler","Limnothlypis swainsonii"
"swatan1","Swallow Tanager","Tersina viridis"
"swtkit","Swallow-tailed Kite","Elanoides forficatus"
"swahar1","Swamp Harrier","Circus approximans"
"swaspa","Swamp Sparrow","Melospiza georgiana"
"swiwhe1","Swinhoe's White-eye","Zosterops simplex"
"taifly1","Taiga Flycatcher","Ficedula albicilla"
"tamcon1","Tamarugo Conebill","Conirostrum tamarugense"
"tabsee1","Tawny-bellied Seedeater","Sporophila hypoxantha"
"tatdot1","Tawny-throated Dotterel","Oreopholus ruficollis"
"temsti","Temminck's Stint","Calidris temminckii"
"tenwar","Tennessee Warbler","Leiothlypis peregrina"
"tersan","Terek Sandpiper","Xenus cinereus"
"thbkin","Thick-billed Kingbird","Tyrannus crassirostris"
"mcclon","Thick-billed Longspur","Rhynchophanes mccownii"
"thbmur","Thick-billed Murre","Uria lomvia"
"thwbel","Three-wattled Bellbird","Procnias tricarunculatus"
"thrnig1","Thrush Nightingale","Luscinia luscinia"
"toppig1","Topknot Pigeon","Lopholaimus antarcticus"
"torimp1","Torresian Imperial-Pigeon","Ducula spilorrhoa"
"towsol","Townsend's Solitaire","Myadestes townsendi"
"towwar","Townsend's Warbler","Setophaga townsendi"
"tremar2","Tree Martin","Petrochelidon nigricans"
"trepip","Tree Pipit","Anthus trivialis"
"treswa","Tree Swallow","Tachycineta bicolor"
"triher","Tricolored Heron","Egretta tricolor"
"trokin","Tropical Kingbird","Tyrannus melancholicus"
"tropar","Tropical Parula","Setophaga pitiayumi"
"truswa","Trumpeter Swan","Cygnus buccinator"
"tufduc","Tufted Duck","Aythya fuligula"
"tufpuf","Tufted Puffin","Fratercula cirrhata"
"tunbeg1","Tundra Bean-Goose","Anser serrirostris"
"tunswa","Tundra Swan","Cygnus columbianus"
"turvul","Turkey Vulture","Cathartes aura"
"twbplo1","Two-banded Plover","Anarhynchus falklandicus"
"uplgoo1","Upland Goose","Chloephaga picta"
"uplsan","Upland Sandpiper","Bartramia longicauda"
"rebhaw2","Variable Hawk","Geranoaetus polyosoma"
"varbun","Varied Bunting","Passerina versicolor"
"varthr","Varied Thrush","Ixoreus naevius"
"varfly","Variegated Flycatcher","Empidonomus varius"
"vauswi","Vaux's Swift","Chaetura vauxi"
"veery","Veery","Catharus fuscescens"
"verfly","Vermilion Flycatcher","Pyrocephalus rubinus"
"vesspa","Vesper Sparrow","Pooecetes gramineus"
"vichum","Violet-crowned Hummingbird","Ramosomyia violiceps"
"vigswa","Violet-green Swallow","Tachycineta thalassina"
"virrai","Virginia Rail","Rallus limicola"
"virwar","Virginia's Warbler","Leiothlypis virginiae"
"wantat1","Wandering Tattler","Tringa incana"
"wardor1","Warbling Doradito","Pseudocolopteryx flaviventris"
"warvir","Warbling Vireo","Vireo gilvus"
"warwhe1","Warbling White-eye","Zosterops japonicus"
"waterc1","Watercock","Gallicrex cinerea"
"welswa1","Welcome Swallow","Hirundo neoxena"
"wesblu","Western Bluebird","Sialia mexicana"
"webwar1","Western Bonelli's Warbler","Phylloscopus bonelli"
"categr1","Western Cattle-Egret","Ardea ibis"
"weclew1","Western Crowned Warbler","Phylloscopus occipitalis"
"wesfly","Western Flycatcher","Empidonax difficilis"
"wesgre","Western Grebe","Aechmophorus occidentalis"
"wesgul","Western Gull","Larus occidentalis"
"comhom1","Western House-Martin","Delichon urbicum"
"weskin","Western Kingbird","Tyrannus verticalis"
"wesmea","Western Meadowlark","Sturnella neglecta"
"weowar2","Western Orphean Warbler","Curruca hortensis"
"wessan","Western Sandpiper","Calidris mauri"
"westan","Western Tanager","Piranga ludoviciana"
"wewpew","Western Wood-Pewee","Contopus sordidulus"
"whimbr","Whimbrel","Numenius phaeopus"
"whiter2","Whiskered Tern","Chlidonias hybrida"
"whiibi","White Ibis","Eudocimus albus"
"whisto1","White Stork","Ciconia ciconia"
"whiwag","White Wagtail","Motacilla alba"
"whbmoc1","White-banded Mockingbird","Mimus triurus"
"whbwat1","White-breasted Waterhen","Amaurornis phoenicurus"
"whbwoo4","White-breasted Woodswallow","Artamus leucorynchus"
"cawfin1","White-bridled Finch","Melanodera melanodera"
"wbgtyr1","White-browed Ground-Tyrant","Muscisaxicola albilora"
"whbwoo5","White-browed Woodswallow","Artamus superciliosus"
"whcalb1","White-capped Albatross","Thalassarche cauta"
"whcpin","White-cheeked Pintail","Anas bahamensis"
"whcsta1","White-cheeked Starling","Spodiopsar cineraceus"
"whcpet1","White-chinned Petrel","Procellaria aequinoctialis"
"whcela1","White-crested Elaenia","Elaenia albiceps"
"whcspa","White-crowned Sparrow","Zonotrichia leucophrys"
"whehum","White-eared Hummingbird","Basilinna leucotis"
"whebuz1","White-eyed Buzzard","Butastur teesa"
"whevir","White-eyed Vireo","Vireo griseus"
"whfher1","White-faced Heron","Egretta novaehollandiae"
"whfibi","White-faced Ibis","Plegadis chihi"
"whfter1","White-fronted Tern","Sterna striata"
"whhpet1","White-headed Petrel","Pterodroma lessonii"
"whrsan","White-rumped Sandpiper","Calidris fuscicollis"
"whshil1","White-sided Hillstar","Oreotrochilus leucopleurus"
"whtrob2","White-tailed Robin","Myiomela leucura"
"whtfly1","White-throated Flycatcher","Empidonax albigularis"
"whthaw1","White-throated Hawk","Buteo albigula"
"whtnee","White-throated Needletail","Hirundapus caudacutus"
"whtrob3","White-throated Robin","Irania gutturalis"
"whtspa","White-throated Sparrow","Zonotrichia albicollis"
"whtswi","White-throated Swift","Aeronautes saxatalis"
"whtpla1","White-tipped Plantcutter","Phytotoma rutila"
"whtgre3","White-tufted Grebe","Rollandia rolland"
"whwbec1","White-winged Becard","Pachyramphus polychopterus"
"whwcoo1","White-winged Coot","Fulica leucoptera"
"whwcro","White-winged Crossbill","Loxia leucoptera"
"whwdov","White-winged Dove","Zenaida asiatica"
"whwsco2","White-winged Scoter","Melanitta deglandi"
"whwter","White-winged Tern","Chlidonias leucopterus"
"whoswa","Whooper Swan","Cygnus cygnus"
"whocra","Whooping Crane","Grus americana"
"willet1","Willet","Tringa semipalmata"
"wilsap","Williamson's Sapsucker","Sphyrapicus thyroideus"
"wilfly","Willow Flycatcher","Empidonax traillii"
"wilpta","Willow Ptarmigan","Lagopus lagopus"
"wlwwar","Willow Warbler","Phylloscopus trochilus"
"wilpha","Wilson's Phalarope","Phalaropus tricolor"
"wilplo","Wilson's Plover","Anarhynchus wilsonia"
"wilsni1","Wilson's Snipe","Gallinago delicata"
"wispet","Wilson's Storm-Petrel","Oceanites oceanicus"
"wlswar","Wilson's Warbler","Cardellina pusilla"
"winwre3","Winter Wren","Troglodytes hiemalis"
"wooduc","Wood Duck","Aix sponsa"
"woosan","Wood Sandpiper","Tringa glareola"
"woosto","Wood Stork","Mycteria americana"
"woothr","Wood Thrush","Hylocichla mustelina"
"wooshr1","Woodchat Shrike","Lanius senator"
"woewar1","Worm-eating Warbler","Helmitheros vermivorum"
"wrlrus1","Wren-like Rushbird","Phleocryptes melanops"
"wrybil1","Wrybill","Anarhynchus frontalis"
"levshe1","Yelkouan Shearwater","Puffinus yelkouan"
"yelbit","Yellow Bittern","Botaurus sinensis"
"yelgro","Yellow Grosbeak","Pheucticus chrysopeplus"
"yelrai","Yellow Rail","Coturnicops noveboracensis"
"yelwar","Yellow Warbler","Setophaga petechia"
"yebfly","Yellow-bellied Flycatcher","Empidonax flaviventris"
"yebsap-example","Yellow-bellied Sapsucker","Sphyrapicus varius"
"yebsap","Yellow-bellied Sapsucker","Sphyrapicus varius"
"yebcuc","Yellow-billed Cuckoo","Coccyzus americanus"
"yebgro1","Yellow-billed Grosbeak","Eophona migratoria"
"yebloo","Yellow-billed Loon","Gavia adamsii"
"yebpin1","Yellow-billed Pintail","Anas georgica"
"yebspo1","Yellow-billed Spoonbill","Platalea flavipes"
"yebtea1","Yellow-billed Teal","Anas flavirostris"
"ybttyr1","Yellow-billed Tit-Tyrant","Anairetes flavirostris"
"yebbun","Yellow-breasted Bunting","Emberiza aureola"
"yebcha","Yellow-breasted Chat","Icteria virens"
"yebfin1","Yellow-bridled Finch","Melanodera xanthogramma"
"yebtyr2","Yellow-browed Tyrant","Satrapa icterophrys"
"ycnher","Yellow-crowned Night Heron","Nyctanassa violacea"
"yeepen1","Yellow-eyed Penguin","Megadyptes antipodes"
"yefhon1","Yellow-faced Honeyeater","Caligavis chrysops"
"yegvir","Yellow-green Vireo","Vireo flavoviridis"
"yehbla","Yellow-headed Blackbird","Xanthocephalus xanthocephalus"
"yelgul1","Yellow-legged Gull","Larus michahellis"
"yelthr1","Yellow-legged Thrush","Turdus flavipes"
"yersis1","Yellow-rumped Siskin","Spinus uropygialis"
"yerwar","Yellow-rumped Warbler","Setophaga coronata"
"yetbun1","Yellow-throated Bunting","Emberiza elegans"
"yetvir","Yellow-throated Vireo","Vireo flavifrons"
"yetwar","Yellow-throated Warbler","Setophaga dominica"
"yewlap2","Yellow-wattled Lapwing","Vanellus malabaricus"
"yewbla2","Yellow-winged Blackbird","Agelasticus thilius"
"yellow2","Yellowhammer","Emberiza citrinella"
"yucnig1","Yucatan Nightjar","Antrostomus badius"
"zothaw","Zone-tailed Hawk","Buteo albonotatus"
